Concentration,192K (Å),192K Err (Å)
10,499.5,0.7071067812
15,1052.0,158.391919
20,1290.0,46.66904756
25,1691.0,103.2375901
30,2215.5,70.00357134
